,scores,videos,usertimes,systemtimes,userid,sanityscore,end_time
0,5,1.mp4,74751,15584,A27PVIL93ZMY46,2,2701229.4716734886
0,5,1.mp4,81572,27977,A26399B1QZ7XJJ,2,2701257.566673517
0,5,1.mp4,79029,6378,A16X5FB3HAFCKN,2,2701268.498673439
1,1,2.mp4,46495,12245,A27PVIL93ZMY46,5,2701275.966673374
0,5,1.mp4,85855,16630,A2MCG5W6LHSRG9,2,2701278.8376734257
0,5,1.mp4,116158,72547,A2SSYBUT9ZM0G9,2,2701281.043673277
0,5,1.mp4,108157,15067,ASWZO1WY1UHEP,2,2701284.8176734447
0,5,1.mp4,72965,21384,A3OZ8KF0HWSVWK,2,2701286.537673235
0,5,1.mp4,59912,18695,A3A8P4UR9A0DWQ,2,2701287.4286732674
0,5,1.mp4,62627,11386,A1G96GPSRSLPC0,2,2701288.811673403
0,5,1.mp4,54701,11471,AKSJ3C5O3V9RB,2,2701290.3646736145
0,5,1.mp4,56070,4893,A320QA9HJFUOZO,2,2701301.966673374
0,5,1.mp4,74779,9730,A2QD9PJUKW7PKK,2,2701305.543673277
0,5,1.mp4,94073,25794,A1IU5OP7BBZHZ7,2,2701307.1676733494
0,5,1.mp4,52050,12919,A3UV55HC87DO9C,2,2701307.2466733456
0,5,1.mp4,104529,29910,A3V9JFVZQ2XF4Y,2,2701308.8666734695
1,1,2.mp4,53002,7411,A26399B1QZ7XJJ,5,2701310.5686733723
0,5,1.mp4,44481,8125,A22KRF782ELLB0,2,2701310.8836734295
1,1,2.mp4,23681,12675,A3A8P4UR9A0DWQ,5,2701311.1096732616
1,1,2.mp4,24624,16647,A3OZ8KF0HWSVWK,5,2701311.1616733074
1,1,2.mp4,24658,8352,A1G96GPSRSLPC0,5,2701313.469673395
0,5,1.mp4,51273,19537,AJDXSXAWDDAEO,2,2701314.703673601
0,5,1.mp4,49314,25679,A2WGW5Y3ZFBDEC,2,2701314.7866733074
1,1,2.mp4,47066,7168,A16X5FB3HAFCKN,5,2701315.5646734238
1,1,2.mp4,36835,21532,A2MCG5W6LHSRG9,5,2701315.672673464
2,4,6.mp4,40170,14645,A27PVIL93ZMY46,4,2701316.1366734505
0,5,1.mp4,80244,6253,A1L8RL58MYU4NC,2,2701318.811673403
0,5,1.mp4,53066,14756,AOAZMLP27GD81,2,2701319.408673525
0,5,1.mp4,55588,41963,A2GXS7E934VJQ1,2,2701320.053673506
0,5,1.mp4,66232,16456,A30RAYNDOWQ61S,2,2701321.128673315
0,5,1.mp4,78688,64951,A12HZGOZQD5YK7,2,2701321.3606734276
0,5,1.mp4,38577,6142,A1EITLFAMKA61U,2,2701324.839673519
1,1,2.mp4,40032,23260,ASWZO1WY1UHEP,5,2701324.8496735096
1,1,2.mp4,43980,66821,A2SSYBUT9ZM0G9,5,2701325.023673296
0,5,1.mp4,96598,15561,A2BW6WD7LZ9EGV,2,2701325.9486734867
1,1,2.mp4,21257,10624,A2QD9PJUKW7PKK,5,2701326.8006732464
1,1,2.mp4,20751,12318,A3V9JFVZQ2XF4Y,5,2701329.6176736355
1,1,2.mp4,24348,4076,A3UV55HC87DO9C,5,2701331.594673395
2,4,6.mp4,21385,7765,A26399B1QZ7XJJ,2,2701331.9536733627
1,1,2.mp4,24949,11711,A1IU5OP7BBZHZ7,5,2701332.1166734695
1,1,2.mp4,21452,10322,A22KRF782ELLB0,5,2701332.335673332
1,1,2.mp4,19512,11915,A2WGW5Y3ZFBDEC,5,2701334.2986733913
1,1,2.mp4,19828,22603,AJDXSXAWDDAEO,5,2701334.5316734314
2,4,5.mp4,23852,10554,A3OZ8KF0HWSVWK,4,2701335.0136733055
2,3,6.mp4,21341,7580,A2MCG5W6LHSRG9,4,2701337.0136733055
1,1,2.mp4,18695,11586,AOAZMLP27GD81,5,2701338.103673458
1,1,2.mp4,36316,3948,A320QA9HJFUOZO,5,2701338.282673359
1,1,2.mp4,19699,5163,A1L8RL58MYU4NC,5,2701338.510673523
3,4,5.mp4,22891,38154,A27PVIL93ZMY46,4,2701339.027673483
1,1,2.mp4,19435,29054,A2GXS7E934VJQ1,5,2701339.4886734486
2,4,3.mp4,24901,13659,A16X5FB3HAFCKN,2,2701340.4656734467
1,1,2.mp4,19494,39158,A12HZGOZQD5YK7,5,2701340.8546733856
1,1,2.mp4,21220,16690,A30RAYNDOWQ61S,5,2701342.3486733437
2,4,4.mp4,31334,13196,A3A8P4UR9A0DWQ,2,2701342.4436733723
2,4,4.mp4,29043,7676,A1G96GPSRSLPC0,5,2701342.512673378
1,1,2.mp4,18577,4446,A1EITLFAMKA61U,5,2701343.416673422
1,1,2.mp4,54332,7796,AKSJ3C5O3V9RB,5,2701344.6966736317
1,1,2.mp4,19094,8510,A2BW6WD7LZ9EGV,5,2701345.0426733494
2,5,5.mp4,23092,9705,A2SSYBUT9ZM0G9,2,2701348.1156733036
2,3,4.mp4,19781,16946,A3V9JFVZQ2XF4Y,4,2701349.3986735344
2,3,4.mp4,22684,10339,A2QD9PJUKW7PKK,4,2701349.4846732616
2,3,6.mp4,25169,16660,ASWZO1WY1UHEP,4,2701350.01867342
3,5,5.mp4,21151,4210,A26399B1QZ7XJJ,2,2701353.1046733856
2,5,5.mp4,21027,45912,A1IU5OP7BBZHZ7,4,2701353.14367342
2,3,6.mp4,22488,10869,A3UV55HC87DO9C,4,2701354.0826733112
2,4,5.mp4,22616,9408,A22KRF782ELLB0,4,2701354.9516735077
3,3,3.mp4,18478,19062,A2MCG5W6LHSRG9,4,2701355.4916734695
2,3,3.mp4,21248,27313,A2WGW5Y3ZFBDEC,4,2701355.546673298
2,3,6.mp4,21774,7609,AJDXSXAWDDAEO,4,2701356.3056735992
2,4,3.mp4,19379,193816,AOAZMLP27GD81,4,2701357.482673645
2,2,5.mp4,19215,11218,A1L8RL58MYU4NC,4,2701357.725673437
2,2,6.mp4,20757,39300,A2GXS7E934VJQ1,4,2701360.245673418
2,2,4.mp4,19494,14701,A12HZGOZQD5YK7,4,2701360.3486733437
2,4,3.mp4,18553,53791,A30RAYNDOWQ61S,4,2701360.901673317
3,4,3.mp4,26382,8983,A3OZ8KF0HWSVWK,4,2701361.395673275
2,4,5.mp4,18260,6416,A1EITLFAMKA61U,4,2701361.6766734123
2,4,6.mp4,18437,29330,AKSJ3C5O3V9RB,4,2701363.1336734295
2,3,6.mp4,24996,3657,A320QA9HJFUOZO,4,2701363.2786734104
2,2,6.mp4,18712,6080,A2BW6WD7LZ9EGV,4,2701363.754673481
3,4,3.mp4,23671,25499,A3A8P4UR9A0DWQ,5,2701366.114673376
3,4,4.mp4,27739,12295,A16X5FB3HAFCKN,2,2701368.2046735287
3,1,6.mp4,29277,9262,A1G96GPSRSLPC0,2,2701371.789673567
3,5,3.mp4,24473,11497,A2SSYBUT9ZM0G9,5,2701372.588673353
3,4,5.mp4,23943,21998,A3V9JFVZQ2XF4Y,4,2701373.3416736126
4,4,3.mp4,34860,9665,A27PVIL93ZMY46,3,2701373.887673378
3,3,3.mp4,24662,40447,A2QD9PJUKW7PKK,4,2701374.146673441
3,3,3.mp4,24209,10948,ASWZO1WY1UHEP,4,2701374.2276735306
4,4,5.mp4,18852,8089,A2MCG5W6LHSRG9,3,2701374.3436734676
3,4,5.mp4,20944,8974,A3UV55HC87DO9C,4,2701375.026673317
3,4,6.mp4,22032,24785,A1IU5OP7BBZHZ7,4,2701375.175673485
3,3,4.mp4,20754,9192,A22KRF782ELLB0,4,2701375.705673456
4,4,3.mp4,23206,8136,A26399B1QZ7XJJ,2,2701376.3106734753
3,3,4.mp4,21441,7984,A2WGW5Y3ZFBDEC,4,2701376.9876732826
3,2,3.mp4,22096,6824,AJDXSXAWDDAEO,4,2701378.4016735554
3,2,3.mp4,21163,6488,A1L8RL58MYU4NC,4,2701378.888673544
3,3,6.mp4,22051,8829,AOAZMLP27GD81,4,2701379.533673525
3,2,4.mp4,20146,8665,A2GXS7E934VJQ1,4,2701380.3916733265
3,3,6.mp4,19047,6208,A1EITLFAMKA61U,5,2701380.7236733437
3,4,5.mp4,18326,29381,AKSJ3C5O3V9RB,4,2701381.459673643
3,3,3.mp4,18257,3545,A320QA9HJFUOZO,4,2701381.53567338
3,3,3.mp4,21560,30486,A12HZGOZQD5YK7,4,2701381.908673525
3,3,5.mp4,18164,4660,A2BW6WD7LZ9EGV,4,2701381.9186735153
3,4,4.mp4,21186,10092,A30RAYNDOWQ61S,4,2701382.0876734257
4,3,4.mp4,30330,113018,A3OZ8KF0HWSVWK,3,2701391.725673437
4,2,5.mp4,24025,10032,A16X5FB3HAFCKN,5,2701392.2296733856
4,5,5.mp4,26141,4984,A3A8P4UR9A0DWQ,2,2701392.2556734085
4,2,6.mp4,20032,78309,A2QD9PJUKW7PKK,2,2701394.1786732674
4,3,4.mp4,21725,35415,ASWZO1WY1UHEP,3,2701395.952673435
4,3,4.mp4,20947,5016,A3UV55HC87DO9C,3,2701395.9736733437
4,3,6.mp4,23946,19745,A2SSYBUT9ZM0G9,2,2701396.5346734524
4,2,5.mp4,25067,10137,A1G96GPSRSLPC0,5,2701396.856673479
4,3,6.mp4,20656,132416,A2WGW5Y3ZFBDEC,3,2701397.64367342
4,3,6.mp4,22552,24428,A22KRF782ELLB0,3,2701398.257673502
4,4,6.mp4,25023,9471,A3V9JFVZQ2XF4Y,3,2701398.3646736145
4,4,3.mp4,23315,81013,A1IU5OP7BBZHZ7,2,2701398.490673542
4,4,5.mp4,20447,4356,AJDXSXAWDDAEO,3,2701398.848673582
4,4,5.mp4,19641,6036,AOAZMLP27GD81,3,2701399.1746735573
4,2,4.mp4,20368,9653,A1L8RL58MYU4NC,3,2701399.256673336
4,4,5.mp4,18271,3943,A320QA9HJFUOZO,3,2701399.8066732883
4,2,3.mp4,19497,9178,A2GXS7E934VJQ1,3,2701399.8886733055
4,3,4.mp4,18566,1059487,AKSJ3C5O3V9RB,3,2701400.025673628
4,3,5.mp4,18834,36214,A12HZGOZQD5YK7,3,2701400.742673397
4,3,3.mp4,20061,10285,A1EITLFAMKA61U,3,2701400.7846734524
4,2,4.mp4,18994,4507,A2BW6WD7LZ9EGV,5,2701400.9126734734
4,5,5.mp4,19130,35653,A30RAYNDOWQ61S,2,2701401.2176733017
5,2,6.mp4,20176,6834,A1L8RL58MYU4NC,3,2701419.4326734543
5,1,3.mp4,22576,6482,A1G96GPSRSLPC0,5,2701419.4326734543
5,1,6.mp4,27203,9616,A16X5FB3HAFCKN,5,2701419.4326734543
5,4,4.mp4,20942,111567,A1IU5OP7BBZHZ7,2,2701419.4326734543
5,2,4.mp4,18648,7346,A1EITLFAMKA61U,3,2701419.4326734543
5,2,6.mp4,18690,18586,A12HZGOZQD5YK7,3,2701419.4326734543
5,3,4.mp4,45549,17356,A27PVIL93ZMY46,3,2701419.436673403
5,2,3.mp4,18524,15587,A2BW6WD7LZ9EGV,5,2701419.436673403
5,5,4.mp4,43126,13234,A26399B1QZ7XJJ,2,2701419.436673403
5,3,3.mp4,21179,26687,A22KRF782ELLB0,3,2701419.436673403
5,4,5.mp4,19548,41625,A2GXS7E934VJQ1,5,2701419.436673403
5,2,4.mp4,45093,65515,A2MCG5W6LHSRG9,3,2701419.436673403
5,4,6.mp4,27185,10873,A3A8P4UR9A0DWQ,5,2701419.4406733513
5,3,6.mp4,18223,53233,A30RAYNDOWQ61S,3,2701419.4406733513
5,3,4.mp4,19634,6197,A320QA9HJFUOZO,3,2701419.4406733513
5,3,3.mp4,23467,10527,A3UV55HC87DO9C,3,2701419.4406733513
5,4,6.mp4,27715,13533,A3OZ8KF0HWSVWK,3,2701419.4406733513
5,4,5.mp4,21797,11480,A2WGW5Y3ZFBDEC,3,2701419.4406733513
5,4,5.mp4,25262,11182,A2QD9PJUKW7PKK,3,2701419.4406733513
5,3,4.mp4,22906,11415,A2SSYBUT9ZM0G9,5,2701419.4406733513
5,3,4.mp4,20270,15870,AOAZMLP27GD81,3,2701419.444673538
5,4,3.mp4,19419,15287,AKSJ3C5O3V9RB,3,2701419.444673538
5,2,4.mp4,20596,13311,AJDXSXAWDDAEO,3,2701419.444673538
5,3,3.mp4,21080,8112,A3V9JFVZQ2XF4Y,3,2701419.444673538
5,3,5.mp4,23492,32320,ASWZO1WY1UHEP,3,2701419.444673538
